Latitude,Longitude,LocationTime,ShipmentNumber
53.13833,-1.327364,28/01/2021 09:07,SEZHUK-210127-000836
53.097362,-1.314799,28/01/2021 09:07,SEZHUK-210127-000836
53.081566,-1.296553,28/01/2021 09:12,SEZHUK-210127-000836
53.065203,-1.270203,28/01/2021 09:12,SEZHUK-210127-000836
53.040516,-1.253806,28/01/2021 09:17,SEZHUK-210127-000836
53.015102,-1.243105,28/01/2021 09:17,SEZHUK-210127-000836
52.9905,-1.233735,28/01/2021 09:27,SEZHUK-210127-000836
52.945096,-1.279453,28/01/2021 09:32,SEZHUK-210127-000836
52.92212,-1.299804,28/01/2021 09:37,SEZHUK-210127-000836
52.871173,-1.307405,28/01/2021 09:42,SEZHUK-210127-000836
52.843494,-1.295448,28/01/2021 09:42,SEZHUK-210127-000836
52.801256,-1.332835,28/01/2021 09:53,SEZHUK-210127-000836
52.798743,-1.375225,28/01/2021 09:58,SEZHUK-210127-000836
52.763834,-1.43156,28/01/2021 09:58,SEZHUK-210127-000836
52.74275,-1.455214,28/01/2021 10:39,SEZHUK-210127-000836
52.707791,-1.521851,28/01/2021 10:44,SEZHUK-210127-000836
52.688259,-1.548502,28/01/2021 10:44,SEZHUK-210127-000836
52.644413,-1.59679,28/01/2021 10:54,SEZHUK-210127-000836
52.624373,-1.625524,28/01/2021 11:00,SEZHUK-210127-000836
52.600502,-1.644938,28/01/2021 11:00,SEZHUK-210127-000836
52.581032,-1.673374,28/01/2021 11:15,SEZHUK-210127-000836
52.561323,-1.703963,28/01/2021 11:15,SEZHUK-210127-000836
52.538394,-1.726395,28/01/2021 11:21,SEZHUK-210127-000836
52.510935,-1.725582,28/01/2021 11:21,SEZHUK-210127-000836
52.485687,-1.710955,28/01/2021 11:28,SEZHUK-210127-000836
52.447698,-1.708451,28/01/2021 11:28,SEZHUK-210127-000836
52.409676,-1.732353,28/01/2021 11:33,SEZHUK-210127-000836
52.394859,-1.766878,28/01/2021 11:37,SEZHUK-210127-000836
52.369173,-1.794414,28/01/2021 11:37,SEZHUK-210127-000836
52.351599,-1.850372,28/01/2021 11:47,SEZHUK-210127-000836
52.354501,-1.892774,28/01/2021 11:47,SEZHUK-210127-000836
52.359816,-1.934677,28/01/2021 11:54,SEZHUK-210127-000836
52.356353,-1.97581,28/01/2021 12:04,SEZHUK-210127-000836
52.355072,-2.016976,28/01/2021 12:04,SEZHUK-210127-000836
52.332965,-2.084627,28/01/2021 12:09,SEZHUK-210127-000836
52.28199,-2.119092,28/01/2021 12:09,SEZHUK-210127-000836
52.258656,-2.136572,28/01/2021 12:14,SEZHUK-210127-000836
52.208158,-2.160083,28/01/2021 12:29,SEZHUK-210127-000836
52.184161,-2.170858,28/01/2021 12:29,SEZHUK-210127-000836
52.159232,-2.188409,28/01/2021 12:34,SEZHUK-210127-000836
52.106063,-2.191545,29/01/2021 08:14,SEZHUK-210127-000836
52.082607,-2.173752,29/01/2021 08:14,SEZHUK-210127-000836
52.060657,-2.147627,29/01/2021 08:20,SEZHUK-210127-000836
52.046828,-2.138601,29/01/2021 08:20,SEZHUK-210127-000836
52.038225,-2.166524,29/01/2021 08:20,SEZHUK-210127-000836
52.042996,-2.170189,29/01/2021 08:20,SEZHUK-210127-000836
52.043162,-2.170289,29/01/2021 08:33,SEZHUK-210127-000836
52.043238,-2.170476,29/01/2021 08:33,SEZHUK-210127-000836
52.043235,-2.170286,29/01/2021 08:34,SEZHUK-210127-000836
52.043242,-2.170285,29/01/2021 08:34,SEZHUK-210127-000836
52.043071,-2.17032,29/01/2021 08:34,SEZHUK-210127-000836
52.043242,-2.17032,29/01/2021 08:34,SEZHUK-210127-000836
52.04326,-2.170342,29/01/2021 08:35,SEZHUK-210127-000836
52.04324,-2.170324,29/01/2021 08:35,SEZHUK-210127-000836
52.043255,-2.170319,29/01/2021 08:35,SEZHUK-210127-000836
52.043252,-2.170324,29/01/2021 08:35,SEZHUK-210127-000836
52.043255,-2.170328,29/01/2021 08:36,SEZHUK-210127-000836
52.043264,-2.170336,29/01/2021 08:36,SEZHUK-210127-000836
52.043167,-2.17035,29/01/2021 08:36,SEZHUK-210127-000836
52.043284,-2.17012,29/01/2021 08:36,SEZHUK-210127-000836
52.043248,-2.170299,29/01/2021 08:37,SEZHUK-210127-000836
52.043315,-2.170321,29/01/2021 08:37,SEZHUK-210127-000836
52.043307,-2.170339,29/01/2021 08:37,SEZHUK-210127-000836
52.043285,-2.170336,29/01/2021 08:37,SEZHUK-210127-000836
52.043189,-2.170256,29/01/2021 08:37,SEZHUK-210127-000836
52.04322,-2.170261,29/01/2021 08:37,SEZHUK-210127-000836
52.043256,-2.17027,29/01/2021 08:38,SEZHUK-210127-000836
52.043558,-2.169811,29/01/2021 08:38,SEZHUK-210127-000836
52.043379,-2.170436,29/01/2021 08:39,SEZHUK-210127-000836
52.043379,-2.170485,29/01/2021 08:39,SEZHUK-210127-000836
52.043385,-2.170441,29/01/2021 08:39,SEZHUK-210127-000836
52.043315,-2.170315,29/01/2021 08:39,SEZHUK-210127-000836
52.043138,-2.170279,29/01/2021 08:39,SEZHUK-210127-000836
52.04319,-2.170283,29/01/2021 08:39,SEZHUK-210127-000836
52.043194,-2.170287,29/01/2021 08:40,SEZHUK-210127-000836
52.043195,-2.170286,29/01/2021 08:40,SEZHUK-210127-000836
52.043265,-2.17023,29/01/2021 08:40,SEZHUK-210127-000836
52.043295,-2.170245,29/01/2021 08:40,SEZHUK-210127-000836
52.043275,-2.170251,29/01/2021 08:41,SEZHUK-210127-000836
52.043271,-2.170263,29/01/2021 08:41,SEZHUK-210127-000836
52.04328,-2.170245,29/01/2021 08:41,SEZHUK-210127-000836
52.043262,-2.170257,29/01/2021 08:41,SEZHUK-210127-000836
52.043324,-2.170326,29/01/2021 08:42,SEZHUK-210127-000836
52.043319,-2.170406,29/01/2021 08:42,SEZHUK-210127-000836
52.043304,-2.170375,29/01/2021 08:42,SEZHUK-210127-000836
52.043305,-2.170378,29/01/2021 08:42,SEZHUK-210127-000836
52.043311,-2.170383,29/01/2021 08:43,SEZHUK-210127-000836
52.043586,-2.170607,29/01/2021 08:43,SEZHUK-210127-000836
52.043366,-2.17048,29/01/2021 08:43,SEZHUK-210127-000836
52.043304,-2.170435,29/01/2021 08:43,SEZHUK-210127-000836
52.043265,-2.170384,29/01/2021 08:44,SEZHUK-210127-000836
52.043125,-2.170389,29/01/2021 08:44,SEZHUK-210127-000836
52.043197,-2.170346,29/01/2021 08:44,SEZHUK-210127-000836
52.043229,-2.170348,29/01/2021 08:44,SEZHUK-210127-000836
52.043238,-2.170332,29/01/2021 08:45,SEZHUK-210127-000836
52.043221,-2.170315,29/01/2021 08:45,SEZHUK-210127-000836
52.043215,-2.170304,29/01/2021 08:45,SEZHUK-210127-000836
52.043201,-2.170294,29/01/2021 08:45,SEZHUK-210127-000836
52.043207,-2.17029,29/01/2021 08:46,SEZHUK-210127-000836
52.043207,-2.170295,29/01/2021 08:46,SEZHUK-210127-000836
52.043201,-2.170237,29/01/2021 08:46,SEZHUK-210127-000836
52.043213,-2.170281,29/01/2021 08:46,SEZHUK-210127-000836
52.043208,-2.170305,29/01/2021 08:47,SEZHUK-210127-000836
52.043219,-2.170297,29/01/2021 08:47,SEZHUK-210127-000836
52.043225,-2.170284,29/01/2021 08:47,SEZHUK-210127-000836
52.043223,-2.170276,29/01/2021 08:47,SEZHUK-210127-000836
52.043217,-2.170279,29/01/2021 08:47,SEZHUK-210127-000836
52.043212,-2.170274,29/01/2021 08:47,SEZHUK-210127-000836
52.043215,-2.170278,29/01/2021 08:48,SEZHUK-210127-000836
52.043224,-2.170278,29/01/2021 08:48,SEZHUK-210127-000836
52.043228,-2.170277,29/01/2021 08:48,SEZHUK-210127-000836
52.043231,-2.170281,29/01/2021 08:48,SEZHUK-210127-000836
52.043233,-2.170282,29/01/2021 08:49,SEZHUK-210127-000836
52.043231,-2.170285,29/01/2021 08:49,SEZHUK-210127-000836
52.04323,-2.170288,29/01/2021 08:49,SEZHUK-210127-000836
52.043412,-2.170307,29/01/2021 08:49,SEZHUK-210127-000836
52.043255,-2.170271,29/01/2021 08:50,SEZHUK-210127-000836
52.043219,-2.170386,29/01/2021 08:50,SEZHUK-210127-000836
52.043197,-2.170349,29/01/2021 08:50,SEZHUK-210127-000836
52.043197,-2.17035,29/01/2021 08:50,SEZHUK-210127-000836
52.043195,-2.170359,29/01/2021 08:51,SEZHUK-210127-000836
52.043205,-2.170345,29/01/2021 08:51,SEZHUK-210127-000836
52.043093,-2.170583,29/01/2021 08:51,SEZHUK-210127-000836
52.04326,-2.170326,29/01/2021 08:51,SEZHUK-210127-000836
52.043238,-2.17033,29/01/2021 08:52,SEZHUK-210127-000836
52.043234,-2.170337,29/01/2021 08:52,SEZHUK-210127-000836
52.043238,-2.17034,29/01/2021 08:52,SEZHUK-210127-000836
52.043233,-2.170341,29/01/2021 08:52,SEZHUK-210127-000836
52.043241,-2.170337,29/01/2021 08:53,SEZHUK-210127-000836
52.043232,-2.170333,29/01/2021 08:53,SEZHUK-210127-000836
52.04323,-2.170326,29/01/2021 08:53,SEZHUK-210127-000836
52.043135,-2.170124,29/01/2021 08:53,SEZHUK-210127-000836
52.043346,-2.170634,29/01/2021 08:54,SEZHUK-210127-000836
52.043227,-2.170254,29/01/2021 08:54,SEZHUK-210127-000836
52.043239,-2.17026,29/01/2021 08:54,SEZHUK-210127-000836
52.043205,-2.170248,29/01/2021 08:54,SEZHUK-210127-000836
52.043185,-2.170278,29/01/2021 08:55,SEZHUK-210127-000836
52.043191,-2.170289,29/01/2021 08:55,SEZHUK-210127-000836
52.043192,-2.170297,29/01/2021 08:55,SEZHUK-210127-000836
52.043188,-2.170298,29/01/2021 08:55,SEZHUK-210127-000836
52.043191,-2.170308,29/01/2021 08:56,SEZHUK-210127-000836
52.043192,-2.170311,29/01/2021 08:56,SEZHUK-210127-000836
52.043195,-2.170317,29/01/2021 08:56,SEZHUK-210127-000836
52.043214,-2.170331,29/01/2021 08:56,SEZHUK-210127-000836
52.043128,-2.170171,29/01/2021 08:57,SEZHUK-210127-000836
52.043209,-2.169783,29/01/2021 08:57,SEZHUK-210127-000836
52.043202,-2.170388,29/01/2021 08:57,SEZHUK-210127-000836
52.043199,-2.170237,29/01/2021 08:57,SEZHUK-210127-000836
52.043227,-2.17024,29/01/2021 08:57,SEZHUK-210127-000836
52.043227,-2.170215,29/01/2021 08:57,SEZHUK-210127-000836
52.04323,-2.170223,29/01/2021 08:58,SEZHUK-210127-000836
52.043239,-2.170453,29/01/2021 08:58,SEZHUK-210127-000836
52.043207,-2.170268,29/01/2021 08:58,SEZHUK-210127-000836
52.043245,-2.170252,29/01/2021 08:58,SEZHUK-210127-000836
52.043237,-2.170258,29/01/2021 08:59,SEZHUK-210127-000836
52.043219,-2.170255,29/01/2021 08:59,SEZHUK-210127-000836
52.043232,-2.17024,29/01/2021 08:59,SEZHUK-210127-000836
52.043231,-2.170237,29/01/2021 08:59,SEZHUK-210127-000836
52.043237,-2.170239,29/01/2021 09:00,SEZHUK-210127-000836
52.043234,-2.170249,29/01/2021 09:00,SEZHUK-210127-000836
52.04323,-2.170257,29/01/2021 09:00,SEZHUK-210127-000836
52.043226,-2.170274,29/01/2021 09:00,SEZHUK-210127-000836
52.043225,-2.170281,29/01/2021 09:01,SEZHUK-210127-000836
52.043096,-2.170233,29/01/2021 09:01,SEZHUK-210127-000836
52.042977,-2.170312,29/01/2021 09:01,SEZHUK-210127-000836
52.043085,-2.170226,29/01/2021 09:01,SEZHUK-210127-000836
52.043308,-2.17018,29/01/2021 09:02,SEZHUK-210127-000836
52.043266,-2.170248,29/01/2021 09:02,SEZHUK-210127-000836
52.043232,-2.170287,29/01/2021 09:02,SEZHUK-210127-000836
52.042977,-2.170421,29/01/2021 09:02,SEZHUK-210127-000836
52.043228,-2.170325,29/01/2021 09:03,SEZHUK-210127-000836
52.043215,-2.17031,29/01/2021 09:03,SEZHUK-210127-000836
52.04321,-2.170277,29/01/2021 09:03,SEZHUK-210127-000836
52.043205,-2.170269,29/01/2021 09:03,SEZHUK-210127-000836
52.043195,-2.170265,29/01/2021 09:03,SEZHUK-210127-000836
52.043198,-2.17027,29/01/2021 09:03,SEZHUK-210127-000836
52.043201,-2.170265,29/01/2021 09:04,SEZHUK-210127-000836
52.043193,-2.170263,29/01/2021 09:04,SEZHUK-210127-000836
52.043198,-2.170265,29/01/2021 09:04,SEZHUK-210127-000836
52.043454,-2.170585,29/01/2021 09:04,SEZHUK-210127-000836
52.042968,-2.17019,29/01/2021 09:05,SEZHUK-210127-000836
52.043272,-2.170214,29/01/2021 09:05,SEZHUK-210127-000836
52.04324,-2.170362,29/01/2021 09:05,SEZHUK-210127-000836
52.043217,-2.170337,29/01/2021 09:05,SEZHUK-210127-000836
52.043216,-2.170333,29/01/2021 09:06,SEZHUK-210127-000836
52.043213,-2.170338,29/01/2021 09:06,SEZHUK-210127-000836
52.043258,-2.170277,29/01/2021 09:06,SEZHUK-210127-000836
52.043231,-2.170292,29/01/2021 09:06,SEZHUK-210127-000836
52.043214,-2.170285,29/01/2021 09:06,SEZHUK-210127-000836
52.101169,-2.187636,29/01/2021 09:06,SEZHUK-210127-000836
52.043209,-2.170295,29/01/2021 09:07,SEZHUK-210127-000836
52.043215,-2.170307,29/01/2021 09:07,SEZHUK-210127-000836
52.112388,-2.308056,29/01/2021 09:07,SEZHUK-210127-000836
52.04322,-2.170314,29/01/2021 09:07,SEZHUK-210127-000836
52.043213,-2.170314,29/01/2021 09:08,SEZHUK-210127-000836
52.043249,-2.170277,29/01/2021 09:08,SEZHUK-210127-000836
52.043226,-2.1704,29/01/2021 09:08,SEZHUK-210127-000836
52.043585,-2.170083,29/01/2021 09:08,SEZHUK-210127-000836
52.043107,-2.170511,29/01/2021 09:08,SEZHUK-210127-000836
52.0432,-2.170449,29/01/2021 09:08,SEZHUK-210127-000836
52.112604,-2.307202,29/01/2021 09:09,SEZHUK-210127-000836
52.043231,-2.170355,29/01/2021 09:09,SEZHUK-210127-000836
52.035925,-2.165188,29/01/2021 09:09,SEZHUK-210127-000836
52.044204,-2.14527,29/01/2021 09:09,SEZHUK-210127-000836
52.037293,-2.129295,29/01/2021 09:09,SEZHUK-210127-000836
51.995333,-2.123597,29/01/2021 09:09,SEZHUK-210127-000836
51.967585,-2.128263,29/01/2021 09:10,SEZHUK-210127-000836
51.91945,-2.147797,29/01/2021 09:10,SEZHUK-210127-000836
51.888495,-2.150969,29/01/2021 09:10,SEZHUK-210127-000836
51.863906,-2.163924,29/01/2021 09:10,SEZHUK-210127-000836
51.839693,-2.194504,29/01/2021 09:11,SEZHUK-210127-000836
51.820448,-2.223829,29/01/2021 09:11,SEZHUK-210127-000836
51.80497,-2.260886,29/01/2021 09:11,SEZHUK-210127-000836
51.768603,-2.312942,29/01/2021 09:11,SEZHUK-210127-000836
51.723546,-2.35433,29/01/2021 09:12,SEZHUK-210127-000836
51.713003,-2.374934,29/01/2021 09:12,SEZHUK-210127-000836
51.6719,-2.406299,29/01/2021 09:12,SEZHUK-210127-000836
51.656833,-2.425488,29/01/2021 09:12,SEZHUK-210127-000836
51.656542,-2.426347,29/01/2021 09:12,SEZHUK-210127-000836
51.655392,-2.431685,29/01/2021 09:12,SEZHUK-210127-000836
51.634217,-2.45497,29/01/2021 09:13,SEZHUK-210127-000836
51.591932,-2.491096,29/01/2021 09:13,SEZHUK-210127-000836
51.572917,-2.524129,29/01/2021 09:13,SEZHUK-210127-000836
51.540101,-2.542129,29/01/2021 09:13,SEZHUK-210127-000836
51.532942,-2.53501,29/01/2021 09:14,SEZHUK-210127-000836
51.519566,-2.522403,29/01/2021 09:14,SEZHUK-210127-000836
51.503226,-2.514819,29/01/2021 09:14,SEZHUK-210127-000836
51.505379,-2.492263,29/01/2021 09:14,SEZHUK-210127-000836
51.502503,-2.478575,29/01/2021 09:15,SEZHUK-210127-000836
51.508503,-2.468224,29/01/2021 09:15,SEZHUK-210127-000836
51.507991,-2.468581,29/01/2021 09:15,SEZHUK-210127-000836
51.50793,-2.468385,29/01/2021 09:15,SEZHUK-210127-000836
51.507654,-2.469431,29/01/2021 09:16,SEZHUK-210127-000836
51.50831,-2.468221,29/01/2021 09:16,SEZHUK-210127-000836
51.507648,-2.469485,29/01/2021 09:16,SEZHUK-210127-000836
51.508363,-2.468323,29/01/2021 09:16,SEZHUK-210127-000836
51.507666,-2.46943,29/01/2021 09:17,SEZHUK-210127-000836
51.507976,-2.468353,29/01/2021 09:17,SEZHUK-210127-000836
51.508309,-2.468226,29/01/2021 09:17,SEZHUK-210127-000836
51.508164,-2.468521,29/01/2021 09:17,SEZHUK-210127-000836
51.507796,-2.469336,29/01/2021 09:17,SEZHUK-210127-000836
51.50804,-2.468596,29/01/2021 09:17,SEZHUK-210127-000836
51.508459,-2.468436,29/01/2021 09:18,SEZHUK-210127-000836
51.501349,-2.478702,29/01/2021 09:18,SEZHUK-210127-000836
51.502502,-2.485195,29/01/2021 09:18,SEZHUK-210127-000836
51.504064,-2.499752,29/01/2021 09:18,SEZHUK-210127-000836
51.504822,-2.525652,29/01/2021 09:19,SEZHUK-210127-000836
51.550198,-2.552096,29/01/2021 09:19,SEZHUK-210127-000836
51.570332,-2.527442,29/01/2021 09:19,SEZHUK-210127-000836
51.615212,-2.463914,29/01/2021 09:19,SEZHUK-210127-000836
51.638582,-2.449969,29/01/2021 09:20,SEZHUK-210127-000836
51.65613,-2.433392,29/01/2021 09:20,SEZHUK-210127-000836
51.656859,-2.431723,29/01/2021 09:20,SEZHUK-210127-000836
51.657117,-2.430934,29/01/2021 09:20,SEZHUK-210127-000836
51.651439,-2.437637,29/01/2021 09:21,SEZHUK-210127-000836
51.694226,-2.394743,29/01/2021 09:21,SEZHUK-210127-000836
51.716472,-2.371173,29/01/2021 09:21,SEZHUK-210127-000836
51.735962,-2.344084,29/01/2021 09:21,SEZHUK-210127-000836
51.759083,-2.323707,29/01/2021 09:21,SEZHUK-210127-000836
51.80302,-2.289734,29/01/2021 09:21,SEZHUK-210127-000836
51.815172,-2.280019,29/01/2021 09:22,SEZHUK-210127-000836
51.835448,-2.272227,29/01/2021 09:22,SEZHUK-210127-000836
51.845324,-2.268581,29/01/2021 09:23,SEZHUK-210127-000836
51.855803,-2.260996,29/01/2021 09:23,SEZHUK-210127-000836
51.866682,-2.255474,29/01/2021 09:23,SEZHUK-210127-000836
51.873011,-2.277792,29/01/2021 09:23,SEZHUK-210127-000836
51.869113,-2.310483,29/01/2021 09:23,SEZHUK-210127-000836
51.866073,-2.346983,29/01/2021 09:23,SEZHUK-210127-000836
51.866149,-2.376209,29/01/2021 09:24,SEZHUK-210127-000836
51.86559,-2.376918,29/01/2021 09:24,SEZHUK-210127-000836
51.865678,-2.377633,29/01/2021 09:34,SEZHUK-210127-000836
53.017205,-1.324917,29/01/2021 09:34,SEZHUK-210127-000836
53.017132,-1.325045,29/01/2021 09:34,SEZHUK-210127-000836
53.016701,-1.326107,29/01/2021 09:34,SEZHUK-210127-000836
53.016703,-1.326103,29/01/2021 09:35,SEZHUK-210127-000836
53.016935,-1.325188,29/01/2021 09:35,SEZHUK-210127-000836
53.019987,-1.325787,29/01/2021 09:35,SEZHUK-210127-000836
53.02077,-1.327617,29/01/2021 09:35,SEZHUK-210127-000836
52.997965,-1.268485,29/01/2021 09:36,SEZHUK-210127-000836
52.991025,-1.236053,29/01/2021 09:36,SEZHUK-210127-000836
52.99033,-1.226925,29/01/2021 09:36,SEZHUK-210127-000836
52.9899,-1.223728,29/01/2021 09:36,SEZHUK-210127-000836
52.974208,-1.233867,29/01/2021 09:37,SEZHUK-210127-000836
52.963945,-1.239298,29/01/2021 09:37,SEZHUK-210127-000836
52.950952,-1.238037,29/01/2021 09:37,SEZHUK-210127-000836
52.946815,-1.227357,29/01/2021 09:37,SEZHUK-210127-000836
52.938997,-1.216095,29/01/2021 09:37,SEZHUK-210127-000836
52.92834,-1.20221,29/01/2021 09:37,SEZHUK-210127-000836
52.924463,-1.194712,29/01/2021 09:38,SEZHUK-210127-000836
52.926305,-1.177392,29/01/2021 09:38,SEZHUK-210127-000836
52.932608,-1.184168,29/01/2021 09:38,SEZHUK-210127-000836
52.9324,-1.184548,29/01/2021 09:38,SEZHUK-210127-000836
52.932148,-1.184952,29/01/2021 09:39,SEZHUK-210127-000836
52.927233,-1.191897,29/01/2021 09:39,SEZHUK-210127-000836
52.9245,-1.193837,29/01/2021 09:39,SEZHUK-210127-000836
52.92442,-1.193828,29/01/2021 09:39,SEZHUK-210127-000836
52.925206,-1.194697,29/01/2021 09:40,SEZHUK-210127-000836
52.925203,-1.194713,29/01/2021 09:40,SEZHUK-210127-000836
52.92415,-1.193952,29/01/2021 09:40,SEZHUK-210127-000836
52.924593,-1.19372,29/01/2021 09:40,SEZHUK-210127-000836
52.924445,-1.194438,29/01/2021 09:40,SEZHUK-210127-000836
52.928655,-1.192552,29/01/2021 09:40,SEZHUK-210127-000836
52.929373,-1.191715,29/01/2021 09:41,SEZHUK-210127-000836
52.930022,-1.189153,29/01/2021 09:41,SEZHUK-210127-000836
52.930003,-1.189047,29/01/2021 09:42,SEZHUK-210127-000836
52.938488,-1.183761,29/01/2021 09:42,SEZHUK-210127-000836
52.930112,-1.189937,29/01/2021 09:42,SEZHUK-210127-000836
52.930037,-1.189585,29/01/2021 09:42,SEZHUK-210127-000836
52.93222,-1.18493,29/01/2021 09:43,SEZHUK-210127-000836
52.933543,-1.17902,29/01/2021 09:43,SEZHUK-210127-000836
52.943588,-1.190107,29/01/2021 09:43,SEZHUK-210127-000836
52.955155,-1.193392,29/01/2021 09:43,SEZHUK-210127-000836
52.970913,-1.186858,29/01/2021 09:44,SEZHUK-210127-000836
52.984373,-1.201118,29/01/2021 09:44,SEZHUK-210127-000836
52.98892,-1.228783,29/01/2021 09:44,SEZHUK-210127-000836
52.99773,-1.231065,29/01/2021 09:44,SEZHUK-210127-000836
53.029885,-1.24765,29/01/2021 09:45,SEZHUK-210127-000836
53.055508,-1.260148,29/01/2021 09:45,SEZHUK-210127-000836
53.080732,-1.295692,29/01/2021 09:45,SEZHUK-210127-000836
53.101887,-1.324335,29/01/2021 09:45,SEZHUK-210127-000836
53.111575,-1.323452,29/01/2021 09:45,SEZHUK-210127-000836
53.110783,-1.325417,29/01/2021 09:45,SEZHUK-210127-000836
53.111302,-1.324327,29/01/2021 09:46,SEZHUK-210127-000836
53.110373,-1.323105,29/01/2021 09:46,SEZHUK-210127-000836
53.10988,-1.323392,29/01/2021 09:46,SEZHUK-210127-000836
53.109062,-1.322777,29/01/2021 09:46,SEZHUK-210127-000836
53.10944,-1.323065,29/01/2021 09:47,SEZHUK-210127-000836
53.109687,-1.322342,29/01/2021 09:47,SEZHUK-210127-000836
53.109895,-1.323215,29/01/2021 09:47,SEZHUK-210127-000836
53.108822,-1.321266,29/01/2021 09:47,SEZHUK-210127-000836
53.109068,-1.321737,29/01/2021 09:48,SEZHUK-210127-000836
53.099987,-1.320902,29/01/2021 09:48,SEZHUK-210127-000836
53.091393,-1.306357,29/01/2021 09:48,SEZHUK-210127-000836
53.065597,-1.271175,29/01/2021 09:48,SEZHUK-210127-000836
53.041245,-1.254218,29/01/2021 09:48,SEZHUK-210127-000836
52.998028,-1.23001,29/01/2021 09:48,SEZHUK-210127-000836
52.990397,-1.225818,29/01/2021 09:49,SEZHUK-210127-000836
52.987327,-1.203167,29/01/2021 09:49,SEZHUK-210127-000836
52.979842,-1.193373,29/01/2021 09:49,SEZHUK-210127-000836
52.96261,-1.190745,29/01/2021 09:49,SEZHUK-210127-000836
52.949153,-1.193313,29/01/2021 09:50,SEZHUK-210127-000836
52.940095,-1.185602,29/01/2021 09:50,SEZHUK-210127-000836
52.93383,-1.178443,29/01/2021 09:50,SEZHUK-210127-000836
52.929592,-1.190262,29/01/2021 09:50,SEZHUK-210127-000836
52.929787,-1.188648,29/01/2021 09:51,SEZHUK-210127-000836
52.929,-1.191228,29/01/2021 09:51,SEZHUK-210127-000836
52.930037,-1.18899,29/01/2021 09:51,SEZHUK-210127-000836
52.927033,-1.191632,29/01/2021 09:51,SEZHUK-210127-000836
52.92417,-1.193892,29/01/2021 09:51,SEZHUK-210127-000836
52.924645,-1.193091,29/01/2021 09:52,SEZHUK-210127-000836
52.924685,-1.193673,29/01/2021 09:52,SEZHUK-210127-000836
52.924602,-1.193889,29/01/2021 09:52,SEZHUK-210127-000836
52.924542,-1.19315,29/01/2021 09:52,SEZHUK-210127-000836
52.92481,-1.193808,29/01/2021 09:52,SEZHUK-210127-000836
52.924722,-1.193997,29/01/2021 09:53,SEZHUK-210127-000836
52.924526,-1.19316,29/01/2021 09:53,SEZHUK-210127-000836
52.926192,-1.193936,29/01/2021 09:53,SEZHUK-210127-000836
52.925897,-1.193582,29/01/2021 09:53,SEZHUK-210127-000836
52.92842,-1.190683,29/01/2021 09:54,SEZHUK-210127-000836
52.929723,-1.190655,29/01/2021 09:54,SEZHUK-210127-000836
52.929482,-1.190588,29/01/2021 09:54,SEZHUK-210127-000836
52.929392,-1.191783,29/01/2021 09:54,SEZHUK-210127-000836
52.929673,-1.190628,29/01/2021 09:54,SEZHUK-210127-000836
52.929648,-1.190577,29/01/2021 09:54,SEZHUK-210127-000836
52.929918,-1.18878,29/01/2021 09:55,SEZHUK-210127-000836
52.932275,-1.184847,29/01/2021 09:55,SEZHUK-210127-000836
52.933982,-1.174013,29/01/2021 09:55,SEZHUK-210127-000836
52.929225,-1.167817,29/01/2021 09:55,SEZHUK-210127-000836
52.903756,-1.191743,29/01/2021 09:56,SEZHUK-210127-000836
52.903873,-1.192008,29/01/2021 09:56,SEZHUK-210127-000836
52.904183,-1.195778,29/01/2021 09:56,SEZHUK-210127-000836
52.866433,-1.241275,29/01/2021 09:56,SEZHUK-210127-000836
52.852373,-1.279513,29/01/2021 09:56,SEZHUK-210127-000836
52.846335,-1.299622,29/01/2021 09:56,SEZHUK-210127-000836
52.860362,-1.335023,29/01/2021 09:57,SEZHUK-210127-000836
52.871375,-1.381093,29/01/2021 09:57,SEZHUK-210127-000836
52.86042,-1.426692,29/01/2021 09:58,SEZHUK-210127-000836
52.86709,-1.496943,29/01/2021 09:58,SEZHUK-210127-000836
52.867067,-1.541645,29/01/2021 11:22,SEZHUK-210127-000836
52.860168,-1.575383,29/01/2021 11:22,SEZHUK-210127-000836
52.840122,-1.605073,29/01/2021 11:22,SEZHUK-210127-000836
52.804795,-1.66633,29/01/2021 11:25,SEZHUK-210127-000836
52.791772,-1.670798,29/01/2021 11:30,SEZHUK-210127-000836
52.794168,-1.667513,29/01/2021 11:30,SEZHUK-210127-000836
52.794047,-1.66697,29/01/2021 11:30,SEZHUK-210127-000836
52.795958,-1.665826,29/01/2021 11:32,SEZHUK-210127-000836
52.795443,-1.666422,29/01/2021 11:34,SEZHUK-210127-000836
52.796318,-1.664285,29/01/2021 11:36,SEZHUK-210127-000836
52.797175,-1.663338,29/01/2021 11:39,SEZHUK-210127-000836
52.797567,-1.662863,29/01/2021 11:39,SEZHUK-210127-000836
52.796778,-1.662472,29/01/2021 11:41,SEZHUK-210127-000836
52.797267,-1.662912,29/01/2021 11:43,SEZHUK-210127-000836
52.79584,-1.660495,29/01/2021 11:45,SEZHUK-210127-000836
52.796845,-1.661218,29/01/2021 11:47,SEZHUK-210127-000836
52.795925,-1.660355,29/01/2021 11:49,SEZHUK-210127-000836
52.796847,-1.66157,29/01/2021 11:52,SEZHUK-210127-000836
52.795938,-1.660413,29/01/2021 11:55,SEZHUK-210127-000836
52.797555,-1.663071,29/01/2021 11:58,SEZHUK-210127-000836
52.797433,-1.662567,29/01/2021 12:00,SEZHUK-210127-000836
52.795988,-1.660608,29/01/2021 12:02,SEZHUK-210127-000836
52.796537,-1.661168,29/01/2021 12:04,SEZHUK-210127-000836
52.796545,-1.663258,29/01/2021 12:06,SEZHUK-210127-000836
52.795737,-1.660617,29/01/2021 12:08,SEZHUK-210127-000836
52.79759,-1.663096,29/01/2021 12:10,SEZHUK-210127-000836
52.796633,-1.664235,29/01/2021 12:12,SEZHUK-210127-000836
52.795532,-1.664165,29/01/2021 12:14,SEZHUK-210127-000836
52.802913,-1.668332,29/01/2021 12:14,SEZHUK-210127-000836
52.827108,-1.630707,29/01/2021 12:17,SEZHUK-210127-000836
52.844008,-1.59708,29/01/2021 12:19,SEZHUK-210127-000836
52.867252,-1.568967,29/01/2021 12:31,SEZHUK-210127-000836
52.87037,-1.523848,29/01/2021 12:36,SEZHUK-210127-000836
52.863087,-1.470355,29/01/2021 12:36,SEZHUK-210127-000836
52.861993,-1.419757,29/01/2021 12:45,SEZHUK-210127-000836
52.86308,-1.356675,29/01/2021 12:45,SEZHUK-210127-000836
52.846603,-1.295407,29/01/2021 12:52,SEZHUK-210127-000836
52.858758,-1.261273,29/01/2021 13:09,SEZHUK-210127-000836
52.88349,-1.22048,29/01/2021 13:14,SEZHUK-210127-000836
52.899792,-1.197395,29/01/2021 13:18,SEZHUK-210127-000836
52.919503,-1.16939,29/01/2021 13:22,SEZHUK-210127-000836
52.934362,-1.177645,29/01/2021 13:25,SEZHUK-210127-000836
52.932227,-1.18477,29/01/2021 13:25,SEZHUK-210127-000836
51.91636,-2.149398,03/02/2021 09:18,SEZHUK-210202-001013
51.891108,-2.150748,03/02/2021 09:18,SEZHUK-210202-001013
51.892017,-2.140993,03/02/2021 09:18,SEZHUK-210202-001013
51.893323,-2.134912,03/02/2021 09:20,SEZHUK-210202-001013
51.89438,-2.130643,03/02/2021 09:22,SEZHUK-210202-001013
51.894183,-2.129543,03/02/2021 09:22,SEZHUK-210202-001013
51.887617,-2.160258,03/02/2021 09:24,SEZHUK-210202-001013
51.879167,-2.198412,03/02/2021 09:24,SEZHUK-210202-001013
51.866535,-2.196248,03/02/2021 09:24,SEZHUK-210202-001013
51.864697,-2.212337,03/02/2021 09:24,SEZHUK-210202-001013
51.857098,-2.220962,03/02/2021 09:27,SEZHUK-210202-001013
51.848298,-2.22711,03/02/2021 09:28,SEZHUK-210202-001013
51.839942,-2.242243,03/02/2021 09:28,SEZHUK-210202-001013
51.826953,-2.24557,03/02/2021 09:28,SEZHUK-210202-001013
51.822247,-2.240457,03/02/2021 09:28,SEZHUK-210202-001013
51.822793,-2.24065,03/02/2021 09:30,SEZHUK-210202-001013
51.822333,-2.240643,03/02/2021 09:30,SEZHUK-210202-001013
52.99591,-1.278716,03/02/2021 09:30,SEZHUK-210202-001013
53.021165,-1.327786,03/02/2021 09:30,SEZHUK-210202-001013
52.995909,-1.278695,03/02/2021 09:31,SEZHUK-210202-001013
53.020653,-1.327712,03/02/2021 09:31,SEZHUK-210202-001013
53.019856,-1.327553,03/02/2021 09:31,SEZHUK-210202-001013
53.019953,-1.326787,03/02/2021 09:31,SEZHUK-210202-001013
52.998011,-1.2687,03/02/2021 09:32,SEZHUK-210202-001013
52.99536,-1.263102,03/02/2021 09:32,SEZHUK-210202-001013
52.990483,-1.236645,03/02/2021 09:32,SEZHUK-210202-001013
53.007926,-1.235988,03/02/2021 09:32,SEZHUK-210202-001013
53.008959,-1.237348,03/02/2021 09:38,SEZHUK-210202-001013
53.03308,-1.248952,03/02/2021 09:38,SEZHUK-210202-001013
53.034268,-1.249565,03/02/2021 09:38,SEZHUK-210202-001013
53.059869,-1.265397,03/02/2021 09:38,SEZHUK-210202-001013
53.078639,-1.293026,03/02/2021 09:44,SEZHUK-210202-001013
53.080076,-1.294924,03/02/2021 09:48,SEZHUK-210202-001013
53.0993,-1.321228,03/02/2021 09:51,SEZHUK-210202-001013
53.100614,-1.323394,03/02/2021 09:51,SEZHUK-210202-001013
53.124126,-1.332308,03/02/2021 09:51,SEZHUK-210202-001013
53.125796,-1.331205,03/02/2021 09:53,SEZHUK-210202-001013
53.156044,-1.327128,03/02/2021 09:53,SEZHUK-210202-001013
53.180478,-1.323426,03/02/2021 09:53,SEZHUK-210202-001013
53.182519,-1.323127,03/02/2021 10:03,SEZHUK-210202-001013
53.206935,-1.322271,03/02/2021 10:03,SEZHUK-210202-001013
53.208866,-1.322636,03/02/2021 10:03,SEZHUK-210202-001013
53.227567,-1.332282,03/02/2021 10:03,SEZHUK-210202-001013
53.229534,-1.332893,03/02/2021 10:46,SEZHUK-210202-001013
53.25221,-1.326737,03/02/2021 10:46,SEZHUK-210202-001013
53.254192,-1.324645,03/02/2021 10:46,SEZHUK-210202-001013
53.273716,-1.302175,03/02/2021 10:46,SEZHUK-210202-001013
53.275815,-1.301041,03/02/2021 10:52,SEZHUK-210202-001013
53.299353,-1.291289,03/02/2021 10:52,SEZHUK-210202-001013
53.301458,-1.290131,03/02/2021 10:52,SEZHUK-210202-001013
53.325024,-1.281173,03/02/2021 10:52,SEZHUK-210202-001013
53.329241,-1.282998,03/02/2021 10:52,SEZHUK-210202-001013
53.350983,-1.287328,03/02/2021 10:58,SEZHUK-210202-001013
53.355,-1.285752,03/02/2021 10:58,SEZHUK-210202-001013
53.376592,-1.279816,03/02/2021 11:04,SEZHUK-210202-001013
53.38071,-1.278325,03/02/2021 11:04,SEZHUK-210202-001013
53.400836,-1.264618,03/02/2021 11:13,SEZHUK-210202-001013
53.409186,-1.258243,03/02/2021 11:13,SEZHUK-210202-001013
53.426346,-1.249797,03/02/2021 11:13,SEZHUK-210202-001013
53.434611,-1.243551,03/02/2021 11:13,SEZHUK-210202-001013
53.449722,-1.228672,03/02/2021 11:17,SEZHUK-210202-001013
53.454042,-1.216377,03/02/2021 11:17,SEZHUK-210202-001013
53.463054,-1.189627,03/02/2021 11:23,SEZHUK-210202-001013
53.46757,-1.176759,03/02/2021 11:23,SEZHUK-210202-001013
53.477842,-1.15205,03/02/2021 11:23,SEZHUK-210202-001013
53.483074,-1.139886,03/02/2021 11:23,SEZHUK-210202-001013
53.489011,-1.11213,03/02/2021 11:29,SEZHUK-210202-001013
53.488189,-1.09727,03/02/2021 11:44,SEZHUK-210202-001013
53.498703,-1.059253,03/02/2021 11:44,SEZHUK-210202-001013
53.515358,-1.045207,03/02/2021 11:44,SEZHUK-210202-001013
53.522801,-1.039948,03/02/2021 11:45,SEZHUK-210202-001013
53.53862,-1.023267,03/02/2021 11:48,SEZHUK-210202-001013
53.545357,-1.0161,03/02/2021 11:49,SEZHUK-210202-001013
53.561607,-1.000683,03/02/2021 11:52,SEZHUK-210202-001013
53.568856,-0.995079,03/02/2021 11:58,SEZHUK-210202-001013
53.58551,-0.98458,03/02/2021 11:59,SEZHUK-210202-001013
53.590794,-0.988638,03/02/2021 11:59,SEZHUK-210202-001013
53.592288,-0.97105,03/02/2021 12:04,SEZHUK-210202-001013
53.593102,-0.961349,03/02/2021 12:05,SEZHUK-210202-001013
53.605664,-0.963995,03/02/2021 12:05,SEZHUK-210202-001013
53.608082,-0.964702,03/02/2021 12:05,SEZHUK-210202-001013
53.610033,-0.959005,03/02/2021 12:05,SEZHUK-210202-001013
53.610068,-0.958961,03/02/2021 12:10,SEZHUK-210202-001013
53.609997,-0.959736,03/02/2021 12:10,SEZHUK-210202-001013
53.608958,-0.962845,03/02/2021 12:12,SEZHUK-210202-001013
53.596912,-0.965284,03/02/2021 12:12,SEZHUK-210202-001013
53.592061,-0.961038,03/02/2021 12:14,SEZHUK-210202-001013
53.591666,-0.933463,03/02/2021 12:14,SEZHUK-210202-001013
53.589821,-0.92277,03/02/2021 12:14,SEZHUK-210202-001013
53.581223,-0.920001,03/02/2021 12:14,SEZHUK-210202-001013
53.576207,-0.921669,03/02/2021 12:17,SEZHUK-210202-001013
53.569454,-0.923689,03/02/2021 12:17,SEZHUK-210202-001013
53.568058,-0.923801,03/02/2021 12:17,SEZHUK-210202-001013
53.568045,-0.923928,03/02/2021 12:17,SEZHUK-210202-001013
53.573159,-0.860618,03/02/2021 12:18,SEZHUK-210202-001013
53.56782,-0.924613,03/02/2021 12:18,SEZHUK-210202-001013
53.56785,-0.9243,03/02/2021 12:18,SEZHUK-210202-001013
53.567152,-0.924088,03/02/2021 12:18,SEZHUK-210202-001013
53.567689,-0.924543,03/02/2021 12:19,SEZHUK-210202-001013
53.567736,-0.924464,03/02/2021 12:19,SEZHUK-210202-001013
53.588936,-0.965654,03/02/2021 12:19,SEZHUK-210202-001013
53.568012,-0.92451,03/02/2021 12:19,SEZHUK-210202-001013
53.567608,-0.923773,03/02/2021 12:19,SEZHUK-210202-001013
53.567867,-0.924384,03/02/2021 12:19,SEZHUK-210202-001013
53.567899,-0.924545,03/02/2021 12:19,SEZHUK-210202-001013
53.567295,-0.92315,03/02/2021 12:19,SEZHUK-210202-001013
53.567944,-0.924442,03/02/2021 12:19,SEZHUK-210202-001013
53.56815,-0.925113,03/02/2021 12:19,SEZHUK-210202-001013
53.568336,-0.925716,03/02/2021 12:19,SEZHUK-210202-001013
53.56833,-0.925805,03/02/2021 12:19,SEZHUK-210202-001013
53.568253,-0.925773,03/02/2021 12:20,SEZHUK-210202-001013
53.568303,-0.926573,03/02/2021 12:20,SEZHUK-210202-001013
53.56806,-0.924959,03/02/2021 12:20,SEZHUK-210202-001013
53.567994,-0.926213,03/02/2021 12:20,SEZHUK-210202-001013
53.568585,-0.926372,03/02/2021 12:20,SEZHUK-210202-001013
53.587623,-0.917335,03/02/2021 12:20,SEZHUK-210202-001013
53.382899,-1.391438,03/02/2021 12:20,SEZHUK-210202-001013
53.568596,-0.927225,03/02/2021 12:20,SEZHUK-210202-001013
53.567993,-0.927099,03/02/2021 12:20,SEZHUK-210202-001013
53.567869,-0.927016,03/02/2021 12:20,SEZHUK-210202-001013
53.568564,-0.926851,03/02/2021 12:20,SEZHUK-210202-001013
53.568438,-0.927367,03/02/2021 12:20,SEZHUK-210202-001013
53.569022,-0.927483,03/02/2021 12:21,SEZHUK-210202-001013
53.568314,-0.927821,03/02/2021 12:21,SEZHUK-210202-001013
53.574259,-0.89519,03/02/2021 12:21,SEZHUK-210202-001013
53.3829,-1.39143,03/02/2021 12:21,SEZHUK-210202-001013
53.568444,-0.926882,03/02/2021 12:21,SEZHUK-210202-001013
53.567549,-0.924,03/02/2021 12:21,SEZHUK-210202-001013
53.588614,-0.96363,03/02/2021 12:21,SEZHUK-210202-001013
53.590624,-0.962341,03/02/2021 12:21,SEZHUK-210202-001013
53.591334,-0.963366,03/02/2021 12:23,SEZHUK-210202-001013
53.588746,-0.963785,03/02/2021 12:23,SEZHUK-210202-001013
53.591571,-0.989902,03/02/2021 12:23,SEZHUK-210202-001013
53.592731,-0.990535,03/02/2021 12:23,SEZHUK-210202-001013
53.592773,-0.991755,03/02/2021 12:23,SEZHUK-210202-001013
53.592424,-0.989694,03/02/2021 12:23,SEZHUK-210202-001013
53.593024,-0.989059,03/02/2021 12:23,SEZHUK-210202-001013
53.592248,-0.992221,03/02/2021 12:23,SEZHUK-210202-001013
53.59349,-0.990617,03/02/2021 12:24,SEZHUK-210202-001013
53.592887,-0.989532,03/02/2021 12:24,SEZHUK-210202-001013
53.593013,-0.990351,03/02/2021 12:24,SEZHUK-210202-001013
53.592999,-0.991194,03/02/2021 12:24,SEZHUK-210202-001013
53.592878,-0.990705,03/02/2021 12:24,SEZHUK-210202-001013
53.592874,-0.99088,03/02/2021 12:24,SEZHUK-210202-001013
53.592902,-0.99051,03/02/2021 12:24,SEZHUK-210202-001013
53.592919,-0.990641,03/02/2021 12:24,SEZHUK-210202-001013
53.592935,-0.990437,03/02/2021 12:25,SEZHUK-210202-001013
53.59272,-0.990418,03/02/2021 12:25,SEZHUK-210202-001013
53.592785,-0.990637,03/02/2021 12:25,SEZHUK-210202-001013
53.600276,-0.985787,03/02/2021 12:25,SEZHUK-210202-001013
53.592981,-0.990446,03/02/2021 12:26,SEZHUK-210202-001013
53.592854,-0.990333,03/02/2021 12:26,SEZHUK-210202-001013
53.592746,-0.990477,03/02/2021 12:26,SEZHUK-210202-001013
53.592766,-0.990597,03/02/2021 12:26,SEZHUK-210202-001013
53.59286,-0.990643,03/02/2021 12:26,SEZHUK-210202-001013
53.593081,-0.990277,03/02/2021 12:26,SEZHUK-210202-001013
53.592278,-0.991808,03/02/2021 12:26,SEZHUK-210202-001013
53.592365,-0.9906,03/02/2021 12:26,SEZHUK-210202-001013
53.59287,-0.990394,03/02/2021 12:27,SEZHUK-210202-001013
53.592893,-0.990663,03/02/2021 12:27,SEZHUK-210202-001013
53.592988,-0.989793,03/02/2021 12:27,SEZHUK-210202-001013
53.592036,-0.990974,03/02/2021 12:27,SEZHUK-210202-001013
53.592957,-0.990342,03/02/2021 12:27,SEZHUK-210202-001013
53.5931,-0.990565,03/02/2021 12:27,SEZHUK-210202-001013
53.598457,-0.991824,03/02/2021 12:27,SEZHUK-210202-001013
53.592622,-0.990784,03/02/2021 12:27,SEZHUK-210202-001013
53.592845,-0.98993,03/02/2021 12:27,SEZHUK-210202-001013
53.592363,-0.991925,03/02/2021 12:27,SEZHUK-210202-001013
53.59245,-0.994079,03/02/2021 12:27,SEZHUK-210202-001013
53.59292,-0.991009,03/02/2021 12:27,SEZHUK-210202-001013
53.5926,-0.990681,03/02/2021 12:28,SEZHUK-210202-001013
53.592183,-0.988817,03/02/2021 12:28,SEZHUK-210202-001013
53.592906,-0.990391,03/02/2021 12:28,SEZHUK-210202-001013
53.593504,-0.990187,03/02/2021 12:28,SEZHUK-210202-001013
53.592715,-0.990527,03/02/2021 12:29,SEZHUK-210202-001013
53.592237,-0.99142,03/02/2021 12:29,SEZHUK-210202-001013
53.59256,-0.990638,03/02/2021 12:29,SEZHUK-210202-001013
53.59321,-0.990063,03/02/2021 12:29,SEZHUK-210202-001013
53.592144,-0.991043,03/02/2021 12:29,SEZHUK-210202-001013
53.593424,-0.990584,03/02/2021 12:29,SEZHUK-210202-001013
53.592854,-0.990608,03/02/2021 12:29,SEZHUK-210202-001013
53.593828,-0.989229,03/02/2021 12:29,SEZHUK-210202-001013
53.591069,-0.990198,03/02/2021 12:29,SEZHUK-210202-001013
53.592599,-0.990741,03/02/2021 12:29,SEZHUK-210202-001013
53.593301,-0.989674,03/02/2021 12:29,SEZHUK-210202-001013
53.593563,-0.991276,03/02/2021 12:29,SEZHUK-210202-001013
53.593075,-0.990516,03/02/2021 12:30,SEZHUK-210202-001013
53.592454,-0.989801,03/02/2021 12:30,SEZHUK-210202-001013
53.599261,-0.98575,03/02/2021 12:30,SEZHUK-210202-001013
53.596548,-0.986458,03/02/2021 12:30,SEZHUK-210202-001013
53.592752,-0.990033,03/02/2021 12:30,SEZHUK-210202-001013
53.592875,-0.990534,03/02/2021 12:30,SEZHUK-210202-001013
53.592484,-0.991125,03/02/2021 12:30,SEZHUK-210202-001013
53.592558,-0.99034,03/02/2021 12:30,SEZHUK-210202-001013
53.592953,-0.99053,03/02/2021 12:31,SEZHUK-210202-001013
53.592645,-0.99036,03/02/2021 12:31,SEZHUK-210202-001013
53.59286,-0.990183,03/02/2021 12:31,SEZHUK-210202-001013
53.593121,-0.991029,03/02/2021 12:31,SEZHUK-210202-001013
53.592617,-0.991437,03/02/2021 12:31,SEZHUK-210202-001013
53.592458,-0.991223,03/02/2021 12:31,SEZHUK-210202-001013
53.592761,-0.990195,03/02/2021 12:31,SEZHUK-210202-001013
53.592686,-0.990872,03/02/2021 12:31,SEZHUK-210202-001013
53.593015,-0.990541,03/02/2021 12:31,SEZHUK-210202-001013
53.593042,-0.990488,03/02/2021 12:31,SEZHUK-210202-001013
53.592909,-0.990448,03/02/2021 12:31,SEZHUK-210202-001013
53.592704,-0.990694,03/02/2021 12:31,SEZHUK-210202-001013
53.5962,-0.987654,03/02/2021 12:32,SEZHUK-210202-001013
53.592963,-0.990568,03/02/2021 12:32,SEZHUK-210202-001013
53.592925,-0.990953,03/02/2021 12:32,SEZHUK-210202-001013
53.593217,-0.990302,03/02/2021 12:32,SEZHUK-210202-001013
53.593283,-0.990029,03/02/2021 12:32,SEZHUK-210202-001013
53.592967,-0.989636,03/02/2021 12:32,SEZHUK-210202-001013
53.592874,-0.989706,03/02/2021 12:32,SEZHUK-210202-001013
53.593145,-0.990363,03/02/2021 12:32,SEZHUK-210202-001013
53.59069,-0.993695,03/02/2021 12:33,SEZHUK-210202-001013
53.592334,-0.986086,03/02/2021 12:33,SEZHUK-210202-001013
53.555653,-1.005672,03/02/2021 12:33,SEZHUK-210202-001013
53.511554,-1.047603,03/02/2021 12:33,SEZHUK-210202-001013
53.488558,-1.113367,03/02/2021 12:33,SEZHUK-210202-001013
53.462832,-1.191677,03/02/2021 12:33,SEZHUK-210202-001013
53.455211,-1.210658,03/02/2021 12:33,SEZHUK-210202-001013
53.438738,-1.239446,03/02/2021 12:33,SEZHUK-210202-001013
53.414662,-1.255592,03/02/2021 12:34,SEZHUK-210202-001013
53.409877,-1.257976,03/02/2021 12:34,SEZHUK-210202-001013
53.387442,-1.277063,03/02/2021 12:34,SEZHUK-210202-001013
53.358453,-1.284108,03/02/2021 12:34,SEZHUK-210202-001013
53.337914,-1.289177,03/02/2021 12:34,SEZHUK-210202-001013
53.316048,-1.28113,03/02/2021 12:34,SEZHUK-210202-001013
53.313994,-1.2821,03/02/2021 12:34,SEZHUK-210202-001013
53.296343,-1.29205,03/02/2021 12:34,SEZHUK-210202-001013
53.272598,-1.302621,03/02/2021 12:35,SEZHUK-210202-001013
53.251955,-1.326833,03/02/2021 12:35,SEZHUK-210202-001013
53.245647,-1.331373,03/02/2021 12:35,SEZHUK-210202-001013
53.232449,-1.332928,03/02/2021 12:35,SEZHUK-210202-001013
53.210367,-1.322548,03/02/2021 12:35,SEZHUK-210202-001013
53.203359,-1.321559,03/02/2021 12:35,SEZHUK-210202-001013
53.188559,-1.323321,03/02/2021 12:35,SEZHUK-210202-001013
53.180738,-1.32327,03/02/2021 12:35,SEZHUK-210202-001013
53.143273,-1.330763,03/02/2021 12:36,SEZHUK-210202-001013
53.124922,-1.330681,03/02/2021 12:36,SEZHUK-210202-001013
53.119023,-1.334601,03/02/2021 12:36,SEZHUK-210202-001013
53.093596,-1.308495,03/02/2021 12:36,SEZHUK-210202-001013
53.070903,-1.279378,03/02/2021 12:36,SEZHUK-210202-001013
53.069863,-1.27732,03/02/2021 12:36,SEZHUK-210202-001013
53.052757,-1.257284,03/02/2021 12:36,SEZHUK-210202-001013
53.029192,-1.24675,03/02/2021 12:36,SEZHUK-210202-001013
53.027196,-1.246213,03/02/2021 12:37,SEZHUK-210202-001013
53.002449,-1.231409,03/02/2021 12:37,SEZHUK-210202-001013
52.98291,-1.244444,03/02/2021 12:37,SEZHUK-210202-001013
52.961568,-1.267733,03/02/2021 12:37,SEZHUK-210202-001013
52.938232,-1.287775,03/02/2021 12:37,SEZHUK-210202-001013
52.91702,-1.29932,03/02/2021 12:37,SEZHUK-210202-001013
52.892285,-1.30028,03/02/2021 12:37,SEZHUK-210202-001013
52.86951,-1.306898,03/02/2021 12:37,SEZHUK-210202-001013
52.846028,-1.2957,03/02/2021 12:38,SEZHUK-210202-001013
52.823704,-1.302735,03/02/2021 12:38,SEZHUK-210202-001013
52.7997,-1.29868,03/02/2021 12:38,SEZHUK-210202-001013
52.773244,-1.276621,03/02/2021 12:38,SEZHUK-210202-001013
52.752228,-1.273533,03/02/2021 12:38,SEZHUK-210202-001013
52.747003,-1.275641,03/02/2021 12:38,SEZHUK-210202-001013
52.73611,-1.281478,03/02/2021 12:38,SEZHUK-210202-001013
52.730256,-1.282112,03/02/2021 12:38,SEZHUK-210202-001013
52.718127,-1.2841,03/02/2021 12:39,SEZHUK-210202-001013
52.716115,-1.286466,03/02/2021 12:39,SEZHUK-210202-001013
52.69518,-1.292005,03/02/2021 12:39,SEZHUK-210202-001013
52.670869,-1.281419,03/02/2021 12:39,SEZHUK-210202-001013
52.65135,-1.236697,03/02/2021 12:44,SEZHUK-210202-001013
52.638024,-1.219944,03/02/2021 12:44,SEZHUK-210202-001013
52.620411,-1.205094,03/02/2021 12:44,SEZHUK-210202-001013
52.620523,-1.204404,03/02/2021 12:44,SEZHUK-210202-001013
52.619413,-1.203356,03/02/2021 12:45,SEZHUK-210202-001013
52.615025,-1.20276,03/02/2021 12:45,SEZHUK-210202-001013
52.619571,-1.20355,03/02/2021 12:45,SEZHUK-210202-001013
52.619712,-1.203918,03/02/2021 12:45,SEZHUK-210202-001013
52.619662,-1.203531,03/02/2021 12:54,SEZHUK-210202-001013
52.617052,-1.200505,03/02/2021 12:56,SEZHUK-210202-001013
52.619374,-1.203371,03/02/2021 12:56,SEZHUK-210202-001013
52.618547,-1.204396,03/02/2021 12:56,SEZHUK-210202-001013
52.599883,-1.194431,03/02/2021 12:56,SEZHUK-210202-001013
52.575535,-1.196354,03/02/2021 13:56,SEZHUK-210202-001013
52.552534,-1.18492,03/02/2021 13:56,SEZHUK-210202-001013
52.529587,-1.175884,03/02/2021 14:03,SEZHUK-210202-001013
52.506444,-1.185596,03/02/2021 14:04,SEZHUK-210202-001013
52.483164,-1.192058,03/02/2021 14:04,SEZHUK-210202-001013
52.458463,-1.192991,03/02/2021 14:12,SEZHUK-210202-001013
52.433811,-1.193674,03/02/2021 14:12,SEZHUK-210202-001013
52.41067,-1.180548,03/02/2021 14:16,SEZHUK-210202-001013
52.386274,-1.169656,03/02/2021 14:16,SEZHUK-210202-001013
52.362731,-1.157718,03/02/2021 14:16,SEZHUK-210202-001013
52.350302,-1.14698,03/02/2021 14:16,SEZHUK-210202-001013
52.348767,-1.129839,03/02/2021 14:17,SEZHUK-210202-001013
52.34602,-1.114241,03/02/2021 14:17,SEZHUK-210202-001013
52.344822,-1.086753,03/02/2021 14:17,SEZHUK-210202-001013
52.343862,-1.066244,03/02/2021 14:17,SEZHUK-210202-001013
52.335642,-1.062009,03/02/2021 14:32,SEZHUK-210202-001013
52.319891,-1.050793,03/02/2021 14:32,SEZHUK-210202-001013
52.311487,-1.043589,03/02/2021 14:32,SEZHUK-210202-001013
52.301159,-1.021796,03/02/2021 14:32,SEZHUK-210202-001013
52.290571,-1.003397,03/02/2021 14:36,SEZHUK-210202-001013
52.281846,-0.985074,03/02/2021 14:38,SEZHUK-210202-001013
52.275425,-0.96815,03/02/2021 14:39,SEZHUK-210202-001013
52.274886,-0.966811,03/02/2021 14:39,SEZHUK-210202-001013
52.267591,-0.959067,03/02/2021 14:39,SEZHUK-210202-001013
52.266652,-0.958621,03/02/2021 14:39,SEZHUK-210202-001013
52.266605,-0.958586,03/02/2021 14:40,SEZHUK-210202-001013
52.266496,-0.958743,03/02/2021 14:45,SEZHUK-210202-001013
52.266698,-0.958731,03/02/2021 14:45,SEZHUK-210202-001013
52.26643,-0.958961,03/02/2021 14:45,SEZHUK-210202-001013
52.266078,-0.959626,03/02/2021 14:45,SEZHUK-210202-001013
52.26657,-0.958735,03/02/2021 14:46,SEZHUK-210202-001013
52.266089,-0.958785,03/02/2021 14:47,SEZHUK-210202-001013
52.266699,-0.960512,03/02/2021 14:47,SEZHUK-210202-001013
52.265558,-0.95644,03/02/2021 14:47,SEZHUK-210202-001013
52.267153,-0.960698,03/02/2021 14:47,SEZHUK-210202-001013
52.266592,-0.960106,03/02/2021 14:47,SEZHUK-210202-001013
52.267069,-0.960431,03/02/2021 14:51,SEZHUK-210202-001013
52.266659,-0.960017,03/02/2021 14:54,SEZHUK-210202-001013
52.267288,-0.960647,03/02/2021 14:54,SEZHUK-210202-001013
52.263562,-0.956755,03/02/2021 14:54,SEZHUK-210202-001013
52.266439,-0.959363,03/02/2021 14:54,SEZHUK-210202-001013
52.267215,-0.960797,03/02/2021 14:58,SEZHUK-210202-001013
52.266853,-0.960852,03/02/2021 14:58,SEZHUK-210202-001013
52.267111,-0.960457,03/02/2021 14:58,SEZHUK-210202-001013
52.267194,-0.960374,03/02/2021 14:58,SEZHUK-210202-001013
52.267258,-0.960268,03/02/2021 14:59,SEZHUK-210202-001013
52.267007,-0.959694,03/02/2021 15:01,SEZHUK-210202-001013
52.266973,-0.959679,03/02/2021 15:02,SEZHUK-210202-001013
52.262829,-0.955895,03/02/2021 15:02,SEZHUK-210202-001013
52.262549,-0.955682,03/02/2021 15:09,SEZHUK-210202-001013
52.254759,-0.938933,03/02/2021 15:09,SEZHUK-210202-001013
52.254524,-0.938506,03/02/2021 15:09,SEZHUK-210202-001013
52.247893,-0.924567,03/02/2021 15:09,SEZHUK-210202-001013
52.247761,-0.924487,03/02/2021 15:12,SEZHUK-210202-001013
52.241483,-0.916118,03/02/2021 15:12,SEZHUK-210202-001013
52.240204,-0.915247,03/02/2021 15:12,SEZHUK-210202-001013
52.240129,-0.915214,03/02/2021 15:12,SEZHUK-210202-001013
52.236524,-0.909246,03/02/2021 15:19,SEZHUK-210202-001013
52.236539,-0.908871,03/02/2021 15:19,SEZHUK-210202-001013
52.23391,-0.897999,03/02/2021 15:19,SEZHUK-210202-001013
52.233966,-0.897718,03/02/2021 15:19,SEZHUK-210202-001013
52.230124,-0.896085,03/02/2021 15:19,SEZHUK-210202-001013
52.230022,-0.896047,03/02/2021 15:19,SEZHUK-210202-001013
52.223479,-0.89693,03/02/2021 15:19,SEZHUK-210202-001013
52.22315,-0.896952,03/02/2021 15:19,SEZHUK-210202-001013
52.215273,-0.893457,03/02/2021 15:19,SEZHUK-210202-001013
52.215074,-0.892986,03/02/2021 15:19,SEZHUK-210202-001013
52.210985,-0.891601,03/02/2021 15:27,SEZHUK-210202-001013
52.210959,-0.893714,03/02/2021 15:27,SEZHUK-210202-001013
52.209814,-0.89337,03/02/2021 15:27,SEZHUK-210202-001013
52.210203,-0.893763,03/02/2021 15:27,SEZHUK-210202-001013
52.211094,-0.893462,03/02/2021 15:30,SEZHUK-210202-001013
52.21358,-0.893382,03/02/2021 15:30,SEZHUK-210202-001013
52.210619,-0.889843,03/02/2021 15:30,SEZHUK-210202-001013
52.210544,-0.893315,03/02/2021 15:30,SEZHUK-210202-001013
52.21097,-0.893748,03/02/2021 15:30,SEZHUK-210202-001013
52.2096,-0.892871,03/02/2021 15:30,SEZHUK-210202-001013
52.213906,-0.894158,03/02/2021 15:30,SEZHUK-210202-001013
52.211008,-0.893068,03/02/2021 15:30,SEZHUK-210202-001013
53.538982,-1.034244,03/02/2021 15:31,SEZHUK-210202-001013
53.536932,-1.036284,03/02/2021 15:31,SEZHUK-210202-001013
53.536971,-1.03632,03/02/2021 15:31,SEZHUK-210202-001013
53.537041,-1.036472,03/02/2021 15:31,SEZHUK-210202-001013
53.538879,-1.034454,03/02/2021 15:31,SEZHUK-210202-001013
53.540263,-1.022465,03/02/2021 15:31,SEZHUK-210202-001013
53.497087,-1.060523,03/02/2021 15:31,SEZHUK-210202-001013
53.482901,-1.140169,03/02/2021 15:31,SEZHUK-210202-001013
53.454364,-1.214223,03/02/2021 15:31,SEZHUK-210202-001013
53.434946,-1.243058,03/02/2021 15:31,SEZHUK-210202-001013
53.409444,-1.258451,03/02/2021 15:31,SEZHUK-210202-001013
53.385151,-1.277588,03/02/2021 15:32,SEZHUK-210202-001013
53.358983,-1.283944,03/02/2021 15:32,SEZHUK-210202-001013
53.332892,-1.285275,03/02/2021 15:32,SEZHUK-210202-001013
53.281131,-1.298317,03/02/2021 15:32,SEZHUK-210202-001013
53.256733,-1.320341,03/02/2021 15:32,SEZHUK-210202-001013
53.231939,-1.332291,03/02/2021 15:32,SEZHUK-210202-001013
53.178948,-1.323471,03/02/2021 15:32,SEZHUK-210202-001013
53.152357,-1.327616,03/02/2021 15:33,SEZHUK-210202-001013
53.100164,-1.321748,03/02/2021 15:33,SEZHUK-210202-001013
53.079423,-1.293281,03/02/2021 15:33,SEZHUK-210202-001013
53.059196,-1.263674,03/02/2021 15:33,SEZHUK-210202-001013
53.033211,-1.248709,03/02/2021 15:33,SEZHUK-210202-001013
53.007701,-1.235864,03/02/2021 15:33,SEZHUK-210202-001013
52.983756,-1.243,03/02/2021 15:33,SEZHUK-210202-001013
52.961287,-1.268265,03/02/2021 15:33,SEZHUK-210202-001013
52.936958,-1.290758,03/02/2021 15:33,SEZHUK-210202-001013
52.911647,-1.299683,03/02/2021 15:33,SEZHUK-210202-001013
52.860299,-1.302029,03/02/2021 15:34,SEZHUK-210202-001013
52.833892,-1.297551,03/02/2021 15:34,SEZHUK-210202-001013
52.797767,-1.354336,03/02/2021 15:34,SEZHUK-210202-001013
52.794661,-1.397686,03/02/2021 15:34,SEZHUK-210202-001013
52.772655,-1.422755,03/02/2021 15:34,SEZHUK-210202-001013
52.730458,-1.47699,03/02/2021 15:39,SEZHUK-210202-001013
52.712256,-1.509454,03/02/2021 15:39,SEZHUK-210202-001013
52.672122,-1.561845,03/02/2021 15:39,SEZHUK-210202-001013
52.651123,-1.589743,03/02/2021 15:39,SEZHUK-210202-001013
52.630467,-1.617334,03/02/2021 15:39,SEZHUK-210202-001013
52.606609,-1.638463,03/02/2021 15:39,SEZHUK-210202-001013
52.584494,-1.662574,03/02/2021 15:39,SEZHUK-210202-001013
52.56918,-1.695268,03/02/2021 15:39,SEZHUK-210202-001013
52.520919,-1.726883,03/02/2021 15:39,SEZHUK-210202-001013
52.496372,-1.716349,03/02/2021 15:39,SEZHUK-210202-001013
52.47197,-1.711254,03/02/2021 15:39,SEZHUK-210202-001013
52.445236,-1.709744,03/02/2021 15:39,SEZHUK-210202-001013
52.420205,-1.7222,03/02/2021 15:39,SEZHUK-210202-001013
52.403796,-1.753504,03/02/2021 15:39,SEZHUK-210202-001013
52.386898,-1.779259,03/02/2021 15:39,SEZHUK-210202-001013
52.366061,-1.799693,03/02/2021 15:52,SEZHUK-210202-001013
52.351497,-1.86256,03/02/2021 15:52,SEZHUK-210202-001013
52.354755,-1.905443,03/02/2021 15:52,SEZHUK-210202-001013
52.361734,-1.947202,03/02/2021 15:52,SEZHUK-210202-001013
52.356226,-2.032669,04/02/2021 06:32,SEZHUK-210202-001013
52.34835,-2.07381,04/02/2021 06:32,SEZHUK-210202-001013
52.300004,-2.113708,04/02/2021 06:32,SEZHUK-210202-001013
52.274433,-2.121902,04/02/2021 06:32,SEZHUK-210202-001013
52.225897,-2.14376,04/02/2021 06:34,SEZHUK-210202-001013
52.20604,-2.160993,04/02/2021 06:38,SEZHUK-210202-001013
52.180228,-2.172303,04/02/2021 06:38,SEZHUK-210202-001013
52.155315,-2.190368,04/02/2021 06:38,SEZHUK-210202-001013
52.10315,-2.189446,04/02/2021 06:38,SEZHUK-210202-001013
52.079583,-2.170504,04/02/2021 06:40,SEZHUK-210202-001013
52.059344,-2.145241,04/02/2021 06:40,SEZHUK-210202-001013
52.05859,-2.140464,04/02/2021 06:42,SEZHUK-210202-001013
52.058482,-2.139506,04/02/2021 06:49,SEZHUK-210202-001013
52.058451,-2.139486,04/02/2021 06:51,SEZHUK-210202-001013
52.058255,-2.139445,04/02/2021 06:52,SEZHUK-210202-001013
52.058402,-2.139482,04/02/2021 06:58,SEZHUK-210202-001013
52.058383,-2.139453,04/02/2021 06:59,SEZHUK-210202-001013
53.542414,-1.028339,04/02/2021 07:00,SEZHUK-210202-001013
52.058373,-2.139457,04/02/2021 07:06,SEZHUK-210202-001013
52.055023,-2.139415,04/02/2021 07:06,SEZHUK-210202-001013
52.008427,-2.121245,04/02/2021 07:07,SEZHUK-210202-001013
51.981458,-2.125869,04/02/2021 07:07,SEZHUK-210202-001013
51.954526,-2.127197,04/02/2021 07:07,SEZHUK-210202-001013
51.904637,-2.151737,04/02/2021 07:07,SEZHUK-210202-001013
51.87754,-2.151444,04/02/2021 07:08,SEZHUK-210202-001013
51.855743,-2.176283,04/02/2021 07:08,SEZHUK-210202-001013
51.834398,-2.203003,04/02/2021 07:08,SEZHUK-210202-001013
51.803037,-2.271444,04/02/2021 07:08,SEZHUK-210202-001013
51.785384,-2.301963,04/02/2021 07:10,SEZHUK-210202-001013
51.761013,-2.320812,04/02/2021 07:10,SEZHUK-210202-001013
51.717698,-2.368384,04/02/2021 08:06,SEZHUK-210202-001013
51.696132,-2.393457,04/02/2021 08:06,SEZHUK-210202-001013
51.670305,-2.407621,04/02/2021 08:06,SEZHUK-210202-001013
51.628167,-2.459069,04/02/2021 08:06,SEZHUK-210202-001013
